atm_id,2023-09-01,2023-09-02,2023-09-03,2023-09-04,2023-09-05,2023-09-06,2023-09-07
32a0a3467bc2255eea631b4411d0db92,0.0,0.0,0.0,3100391.514406621,2479068.8776917807,4376668.877691781,3843668.8776917807
4685edc9d06f7415e4e980fec9dd68b7,0.0,0.0,0.0,1572630.3792268508,3410102.8197054793,1404902.8197054793,1703702.8197054793
1d2f748d0be0e6f173778fcfdaa1cc40,9090684.457375223,0.0,0.0,0.0,0.0,2841527.078618133,1576356.8385684933
086a033c90dce77cb98295708ceb2907,0.0,0.0,0.0,0.0,7321552.538108659,5475607.856383562,5523607.856383562
a5c73dbd02378d9dde7ba643f3e287e1,5692734.416438356,1673402.8546369863,1519102.8546369863,2320402.8546369863,3153302.8546369863,1986402.8546369863,2754302.8546369863
f4914d72b047483c7684237743eb9b37,0.0,0.0,0.0,3607594.4837293755,3331151.8368219174,1826851.836821918,2973251.8368219174
5153a0211aeabde057219b2ec0ed37df,2147052.9267123286,560478.8113219178,998478.8113219178,989278.8113219178,794278.8113219178,1155878.811321918,666878.8113219178
c188ea9201faadee63092eb1aec6387a,0.0,0.0,2618237.4902482782,4536731.829835616,2209831.8298356165,2149331.8298356165,2581031.8298356165
ed1095fb5e4d19657439064beae03355,4319824.565068493,2857094.886773973,2996394.886773973,3566394.886773973,3864794.886773973,2394594.886773973,3503294.886773973
6bc83314bfff7c47ad8c3f7e91de6792,6226062.428082191,1416088.8497465753,2769988.8497465756,2876488.8497465756,3132588.8497465756,3751288.8497465756,4203288.849746576
9b8168683d84d7dc0c95bca124344b7e,0.0,2103284.7580298414,928849.0802945206,1949649.0802945206,1397149.0802945206,1652049.0802945206,1081649.0802945206
901723379c1db2157adc3944beb7d5a5,0.0,0.0,3377050.978179437,3990631.8647671235,3470331.8647671235,2907031.864767123,4490431.864767123
caa3be321c2b35e6a37a798f3b2b89f3,0.0,2461047.7448687702,1277846.8350753426,3259646.8350753426,3396646.8350753426,2778846.8350753426,2313646.8350753426
e03b2061c4f11f6154318d330903c09f,2156439.345890411,942219.8256438356,1495819.8256438356,1199019.8256438356,1176919.8256438356,1704919.8256438356,1443219.8256438356
4d242461b7939248e681efdaba9e83d9,0.0,0.0,0.0,0.0,0.0,1082445.3176483773,2397438.832280822
32b4dd315f082fd27c3e599fd98baff7,0.0,0.0,1790652.7127078762,2014215.859178082,2085815.859178082,2899415.859178082,4469115.859178082
3fc528ff229fef5430173ab81385f943,0.0,0.0,0.0,5216267.339571647,2557552.837171233,1896452.8371712328,3140352.837171233
9c7a608a09b332f54f20eef7f067cf00,0.0,0.0,0.0,0.0,0.0,0.0,0.0
22c9dd0cc8d32ff8139ab6e7828b9a6d,0.0,0.0,0.0,0.0,0.0,0.0,0.0
29a51a6efeb364002bace524f339dcb2,0.0,0.0,0.0,0.0,1896636.2159188814,829177.8109726028,1593177.8109726028
403246e412240c97bae69439835ffb07,0.0,0.0,0.0,2097749.8506220644,4441353.837520548,3282253.837520548,3254453.837520548
0d03e19e29608458daa6376c0f2fd817,0.0,0.0,0.0,2878978.663735532,4834564.841363014,3252064.8413630137,2796564.8413630137
9f4319e9a9cbb8509e1e6f355410fc7a,0.0,0.0,1387993.9167925857,1409548.8357739726,2604448.835773973,1538648.8357739726,1800348.8357739726
ba6beff69f36ea0b09e2edae4b28df20,0.0,0.0,1062779.0548999482,2703071.843808219,2692371.843808219,2558371.8438082193,2646371.8438082193
cd19127bdf8fdc5526bd572835c3e99c,0.0,3524453.967233721,3044174.8797876714,3755474.8797876714,3790374.8797876714,1710574.8797876711,3076774.8797876714
55399361fa0f648d73ed26fddf827380,0.0,0.0,0.0,0.0,2670672.1039156043,2459314.8238972602,2140714.8238972602
41ebfef17643a980b37cc094c88f5d5d,0.0,0.0,0.0,0.0,0.0,2002746.5863371282,2338355.838219178
ba99d815ede9c3befb11e5330a660470,5017421.683561644,1724808.8218013698,1971208.8218013698,3276508.82180137,2084908.8218013698,2592108.82180137,1647508.8218013698
7ae33456c347d448b2882d3bb877f361,0.0,0.0,0.0,0.0,4330126.919858577,3064267.842410959,2803367.842410959
c7402a06fe738762cd8eeecd76dbbdfc,0.0,0.0,0.0,0.0,3330156.568485137,2396782.847650685,855782.8476506849
34838ab4aeff530f73908efebb44c522,0.0,0.0,0.0,3274991.4274471505,3366854.837869863,2833654.837869863,2092154.837869863
e6848be364ce37930eba06f038c4079c,5423256.360273972,3163285.12780137,2140685.12780137,3514785.12780137,3917285.12780137,4174985.12780137,4212985.12780137
47536b2206f7bd2eeafbb6ae923c0e23,0.0,0.0,0.0,2370613.5862647216,2699485.84869863,3735585.84869863,2730085.84869863
7572f54459a4d70de73f67a74a65188b,0.0,0.0,0.0,0.0,1683932.301828004,1750886.8141164384,640886.8141164384
3bd1f4b01938abe4be7c9176eed9c01c,3505123.744520548,1910200.853938356,1686300.853938356,3275300.853938356,3525300.853938356,4645800.853938356,3690300.853938356
bcfb59acaf53023d3ffe55c87f2740fb,0.0,0.0,0.0,0.0,0.0,0.0,0.0
744a71c0d28354791b21616b55979ff3,6024745.219178082,1780314.893760274,4295714.893760274,4019514.893760274,4350714.893760274,4274714.893760274,4722714.893760274
311b09b6250a2d02e0407c9f9ef977b4,0.0,0.0,0.0,0.0,0.0,0.0,0.0
1898619a550f127a347f803ffdd28cca,3498346.897260274,1056792.0953150685,1228792.0953150685,2523492.0953150685,2620192.0953150685,3071292.0953150685,2539292.0953150685
5aa327a65febdb773a9b752c271baeab,0.0,0.0,0.0,1075822.7745791085,1704376.8106232877,1228376.8106232877,2092476.8106232877
d186062baf6c8dcd0f4c6023d5472e09,0.0,0.0,0.0,0.0,2362082.2186415372,2750155.838219178,1096755.8382191781
7c8161d60489e3133d4a6745f3d4159c,0.0,0.0,2971730.912113187,2655855.873150685,3426255.873150685,4102655.873150685,2958955.873150685
0120ed1ebac21b881e5bfca1058ce5d9,3487446.534931507,851092.8162123288,1156492.8162123288,2992692.8162123286,2205292.816212329,1008092.8162123288,1318392.8162123288
2c015ce52f914eecae75dbc4d75db348,0.0,0.0,0.0,0.0,0.0,0.0,0.0
31f3d038d83f612900a571c240f04cd6,0.0,0.0,0.0,0.0,819741.7362493287,566379.8116712328,607379.8116712328
c17889c87136c9f4cccfc6b186ba362a,0.0,0.0,0.0,0.0,1728489.7663484048,1608478.811321918,670678.8113219178
cd3771ac50b082bfa70726965a3fe69d,0.0,0.0,0.0,0.0,0.0,0.0,0.0
1b6ac3c513770338c147def27ad654d1,0.0,0.0,0.0,1983940.2516520643,2468960.8399657533,3882560.8399657533,2310960.8399657533
79f9806b742ec27f4abdc7bb943bd9cb,2123633.6787671233,730774.8099246575,760674.8099246575,1035574.8099246575,2081874.8099246575,1076074.8099246575,2094274.8099246575
e664a7b0708649c6e6970d1902770032,0.0,0.0,0.0,0.0,0.0,0.0,645083.9949173223
008d2c661348ab8df6051b18e8458ba4,2115920.370547945,543486.8141164384,516886.8141164384,1161686.8141164384,801886.8141164384,628686.8141164384,506686.8141164384
bec1fe2da006a152a81ee2634d48ef56,0.0,0.0,0.0,0.0,2189047.7793735797,1533522.8266917807,1505522.8266917807
b2b706e7e9c00a60ae66db168f7d44ad,5939667.118493151,1556466.842061644,1978466.842061644,5427866.8420616435,2176766.842061644,3411666.842061644,3554466.842061644
728c2c9b543cc04941c57f9d865cd9db,0.0,0.0,0.0,0.0,0.0,0.0,0.0
c0f6f8b7afc0fb78030ae635a261fdf7,0.0,0.0,0.0,0.0,0.0,0.0,0.0
ffe6c312da4a26cb66244bb92b5f36e1,0.0,0.0,0.0,0.0,0.0,1832932.769518827,880499.8186575342
ab6e13331c292ee057d64dc8049945a8,0.0,0.0,0.0,0.0,0.0,0.0,0.0
4350d9f6694a64a4e764a1709758e28e,5008837.508219178,0.0,0.0,0.0,0.0,0.0,4833720.487792036
60e40615bd587750abd672963feffe60,0.0,0.0,0.0,0.0,5287192.768034538,8275559.909479452,2561159.9094794523
c1b1852723388f4955d7549b29f2a1b8,0.0,0.0,0.0,0.0,0.0,0.0,0.0
260290c08dbafa60304ed9db992065d6,0.0,0.0,0.0,0.0,0.0,0.0,0.0
849906c6d865652b4199fc35e3a87c9e,10429754.497945204,697789.9199589042,2742889.9199589044,5700289.919958903,5596389.919958904,0.0,2172248.2468635757
31e95d19edcb7a98df0c7aa74b90131d,7245008.314383562,973008.8916643836,1135508.8916643835,3236408.8916643835,3523608.8916643835,2609908.8916643835,0.0
8f7cd68bd4ad0cb87eeb76cd3f4fde32,0.0,0.0,3850625.4707411537,2801345.904589041,5088345.904589041,2981445.904589041,791245.9045890411
87f5dde0a6db0eda77c35625db0c1292,8642713.305479452,2150736.9014452053,4771936.901445205,3385136.9014452053,5879736.901445205,5694936.901445205,1483336.9014452056
5fb6b51ceaa9993af14699db8144d549,0.0,0.0,0.0,8818947.3264959,1921011.9276438355,1991511.9276438355,1422911.9276438355
d49c71c31b898c4bedde707533f052f6,0.0,0.0,0.0,0.0,3908638.1614908096,0.0,0.0
4aeb88c9ad8700673710282abd67dc13,0.0,0.0,0.0,0.0,0.0,5118457.856862472,2405651.8717534244
de42a72fa685d9c93d8848321543ab61,0.0,0.0,0.0,0.0,0.0,0.0,0.0
02261484f04f1dc5549fe13c7d764ce9,0.0,0.0,0.0,0.0,0.0,0.0,0.0
956007145b2ff6f41633909810b58cbb,0.0,0.0,0.0,0.0,0.0,0.0,0.0
76ec51f6d16c71ff19b322e3e96d8481,0.0,0.0,0.0,2478949.127044365,0.0,0.0,0.0
d6f1cf2684d94f673970e86a73514574,0.0,0.0,0.0,0.0,0.0,0.0,0.0
5b46afe2dd291452a6d3eea492d5da6f,0.0,0.0,6646917.792494908,0.0,2330222.1808673423,0.0,2877508.731552274
b273a7e6eef11bb94f310181c4d7023f,0.0,0.0,1989037.97199297,0.0,6906747.319721327,0.0,0.0
62fc1ce3c9e18e89050760fa56bda2ea,7397010.326027397,1430803.924849315,9271103.924849315,8444903.924849315,9162503.924849315,9823003.924849315,2689203.924849315
aa7457f17bc57085e365014ce7cc5811,5211429.45,0.0,0.0,4084454.011697684,4226197.922753425,3027597.9227534244,0.0
7f76cffc99201dbdf3268c109eb7d6dc,0.0,0.0,0.0,0.0,0.0,0.0,0.0
22b2303b9445f66a0fe2c70e8be09855,0.0,0.0,0.0,0.0,0.0,0.0,0.0
4fd0b01e2d622deb77971da6ca2dc24c,0.0,0.0,0.0,0.0,0.0,5721077.8401406035,2564560.944760274
0eb70b8dcdaca0c08308250c96b395a3,10056836.223287672,4457621.896205479,3553321.8962054793,3329821.8962054793,6978421.896205479,6419521.896205479,6327121.896205479
83a674c13fc3706f6c100fcf252ca7ca,5675452.703424658,3014159.8745479453,0.0,3234929.755578069,3389959.8745479453,1462659.8745479453,0.0
3de19b0d8a643290f862fc84b438f04a,0.0,0.0,0.0,0.0,2522089.651383019,3369135.9010958904,0.0
4fedd303abd4363ca0a81baf8446df7e,0.0,0.0,0.0,0.0,0.0,0.0,0.0
b9c40d3837c748e17b868bf9290008a4,0.0,0.0,0.0,0.0,0.0,2703957.145755687,2912247.9052876714
d3ab0ad15fa47512cc7faf9e1f8eab5a,7764898.369178083,0.0,0.0,0.0,0.0,0.0,10270342.644879263
f8ccb123119859c143ed069bac97f1af,0.0,0.0,0.0,0.0,11552337.002780683,7362258.909130137,6864658.909130137
e530083a80db791bbdc192e880bac624,0.0,1653738.0079105366,0.0,4957814.028476809,1734303.8899178081,0.0,3795030.9449151657
df03d582503e2e29be65869ea6c4b76b,5094240.563013699,0.0,1385189.632750985,1188382.9873767123,0.0,0.0,0.0
ea45755004d35c1e12deba2e26e806c5,0.0,0.0,2259722.2914585494,0.0,0.0,0.0,0.0
065f11face1b5bd6046d7f238e26fc9d,0.0,0.0,0.0,0.0,0.0,0.0,0.0
aaff35aaf5211ad96bf00fc716ff8b8b,0.0,0.0,0.0,0.0,0.0,6859566.827960462,6764306.890965753
e985f9924e38b8c4d63551654a9232c6,0.0,0.0,0.0,0.0,0.0,0.0,0.0
4ed57f6a3fcbdebf3f3146924e5743e7,0.0,0.0,0.0,0.0,0.0,0.0,7139260.411366733
51271ffd017867de4359cb0892f608d8,0.0,0.0,0.0,0.0,4222227.630597588,0.0,2830753.248473743
f1c1dd1cbbb0c780dd871a75503d577b,4253062.428767123,1243392.8860753425,3396692.8860753425,510092.8860753425,0.0,5691984.704772672,7726792.886075342
b29bf6efa5bef09e88545780508c9742,6433812.0034246575,3252323.8969041095,875023.8969041095,0.0,4220231.634090807,1988523.8969041095,613223.8969041095
b78776a900f397027a54b5fedd05d72d,0.0,0.0,0.0,0.0,0.0,0.0,7619822.201113219
6c9f216d2a2f6af7d31de0713d7a9abf,0.0,0.0,0.0,0.0,0.0,0.0,0.0
9d2b4e53fdf28e0ba18e30c7a33099ca,0.0,0.0,0.0,0.0,0.0,0.0,0.0
eeb6847ab27b2cc4b214b2355eac5ac3,3943346.641780822,1962103.169020548,1269603.169020548,0.0,0.0,0.0,0.0
d797447cdeb2ecc399793b1dc090c39c,7701775.376712329,0.0,3071261.216104244,3185212.1721643833,2481912.1721643833,4298612.172164383,0.0
8821449530c741bf7acfcb46e04d12cd,0.0,0.0,0.0,0.0,0.0,0.0,0.0
5a5d0f6a4a90dca13a715935eb51969c,0.0,0.0,0.0,0.0,0.0,0.0,0.0
a92d990b2926a606432d536bfbb8eeb9,0.0,0.0,0.0,0.0,0.0,0.0,0.0
998375a4fb3b758c46773353c661ce90,0.0,0.0,0.0,0.0,0.0,0.0,0.0
8f9d502682198ede2aecfabb417afe14,0.0,0.0,0.0,0.0,0.0,0.0,0.0
2cd127262f84741679085badb0f763be,2928213.7452054797,0.0,0.0,0.0,0.0,0.0,0.0
b0fd66f2552cf86cfe599154ae3527ed,0.0,0.0,0.0,0.0,0.0,0.0,0.0
cdbdf423edda1c4c891ebd53ae9939bb,0.0,0.0,0.0,0.0,0.0,0.0,0.0
bc3b072a43eaf52fe1db46684f4f90c4,0.0,0.0,0.0,0.0,0.0,0.0,0.0
2d11af05b709c9007b94bc53e20e7717,0.0,0.0,0.0,0.0,0.0,0.0,0.0
202d3d388f391a2ddf91deb20be5431a,0.0,0.0,0.0,0.0,0.0,0.0,0.0
f37c162138e3208b073dc31ed25de6be,0.0,0.0,0.0,0.0,0.0,0.0,0.0
8ef30d0f31fb489f4fd0748c8ef02da2,0.0,0.0,0.0,0.0,4898268.961441457,3529438.1812465754,2074738.1812465754
0b38a1cb4232f8bd1b28b5e675c1cec5,0.0,0.0,0.0,0.0,0.0,0.0,0.0
bbbabb292662f9fa80087d7bb884dc7d,0.0,0.0,0.0,0.0,0.0,0.0,0.0
0604e1a5f4740fac7147969cf6ca990a,0.0,0.0,1097190.2242565076,0.0,3203341.695209914,3387345.869657534,1912245.8696575342
f2a2630b709ae1f208921d83343cb230,0.0,0.0,0.0,0.0,0.0,0.0,0.0
a934d0690a8ff955317cc2a72a6f2785,0.0,0.0,0.0,0.0,0.0,0.0,7688865.764766749
f113fbdf512e62ead4fc1f789c554c6e,0.0,0.0,0.0,0.0,1899728.1781630742,0.0,0.0
40ec8b180093e052d6382e6d988f476c,0.0,0.0,0.0,0.0,0.0,0.0,0.0
e4a2723fe2adc1d2dd7da3bf53da0c02,6496256.508219178,660941.9031917809,1214541.903191781,4411741.903191781,0.0,0.0,2200603.4085281896
a29187695d1fbef5814a4b5515a7a083,0.0,0.0,0.0,0.0,0.0,0.0,0.0
96b29aff6f4e0067003dccaf855b54b7,0.0,0.0,0.0,0.0,2322117.159090057,1701972.8790890411,0.0
3bb3b0e3c8725c3b3427f5470effcf27,0.0,0.0,0.0,0.0,0.0,0.0,0.0
85934ee85d573e95923948c680a9ed58,0.0,0.0,0.0,0.0,0.0,0.0,0.0
ea86901624b69aa8a5e6a135ca2ff77b,0.0,0.0,0.0,0.0,0.0,0.0,0.0
761ac2143189ce3a3038eb5555f0df0c,0.0,0.0,0.0,0.0,0.0,0.0,0.0
701477e3dce71583a2a24318df7c3621,0.0,0.0,0.0,0.0,0.0,0.0,0.0
2925b08af2761ab0b2feee5da9bc5978,0.0,0.0,0.0,0.0,0.0,0.0,0.0
de9e78d8f4fb2d19c02736488fa1927e,0.0,0.0,0.0,0.0,3143566.8103404157,8185396.887472603,0.0
0ad914b3f20330bf3c70007b18b9c344,0.0,0.0,0.0,6221833.124002859,1554832.9000479453,4633432.900047945,3656432.9000479453
cb7f794f2d57c0759d1e7a414aea11fa,0.0,1882235.6848883608,1097929.8640684932,1675229.8640684932,780229.8640684931,1158629.8640684932,0.0
bf3ea87f28970ed9e2fb26fa24dfbe14,0.0,0.0,0.0,0.0,0.0,0.0,2363405.595638605
d31b1f35c5a4fbe191f8919e3cc74826,0.0,0.0,0.0,0.0,0.0,0.0,0.0
b1ce4afc52b4ac5ccc3c301533f46849,0.0,0.0,0.0,0.0,0.0,0.0,0.0
871bd039c3a1e2da1c9f6066c0f31c27,0.0,0.0,0.0,0.0,0.0,0.0,0.0
9c8e1a3737c1efc111a9544af4b002c3,0.0,0.0,0.0,0.0,0.0,0.0,0.0
c1ddd69c6748007e019d0d87f749ba42,0.0,0.0,5193092.823402699,0.0,0.0,0.0,0.0
967779809ae0fd8d5b6cf27b3ba3b5d7,0.0,0.0,0.0,0.0,5978692.507283842,2995433.90039726,3384433.90039726
a1f4e90b200372f1c571bb3fbd36ab93,0.0,0.0,0.0,0.0,0.0,0.0,0.0
63f485b3fbb6f6df38ca02256a8c6124,0.0,3999321.361370407,1200150.9063356165,6582050.9063356165,4407750.9063356165,3371950.9063356165,4655050.9063356165
088949e2f8686bf218208482553c09d1,11210703.092465755,7111090.920308219,4219990.920308219,1922790.9203082193,0.0,2823217.3020072896,3800090.9203082193
79718c8ec693084f802edc990f8f4897,5145288.580821918,1671999.9234520548,784899.9234520548,0.0,6537492.544191123,603999.9234520548,5819999.923452055
2f29470d37d219892948cf7a23c5bf4d,7554365.494520548,3139649.9059863016,2876949.9059863016,1444049.9059863014,2989149.9059863016,2631049.9059863016,2474849.9059863016
d58bbe73e035265c4e58e9bdacfdc466,6007069.51369863,2401641.8682602737,910841.868260274,3378841.868260274,5583041.868260274,857341.868260274,6121541.868260274
aed99338e14ad762d64b228e04387d09,0.0,0.0,0.0,0.0,0.0,0.0,0.0
80998b18c5273a55b64988e57cc88fe5,0.0,0.0,0.0,4183300.1163627696,920019.9304383562,1522819.9304383562,0.0
8811ff6ac04a20417ef3f4cd03de5105,0.0,0.0,0.0,0.0,0.0,0.0,0.0
7b3a8601b6054aa1d2c3e4ee97970a4b,0.0,0.0,0.0,0.0,0.0,0.0,0.0
acb494d55d240a4c82b3342948193113,0.0,0.0,0.0,0.0,0.0,0.0,0.0
4ba74c965cab51e24e3c6b555603813d,0.0,0.0,0.0,0.0,0.0,0.0,0.0
c7960236ff411781c3ea58a1b2280967,0.0,0.0,0.0,0.0,0.0,0.0,0.0
5d14c57272e38e0891850b0c7ea98642,3957010.2815068495,913583.8829315068,0.0,2802034.1845066473,0.0,4971076.39957514,0.0
b074911e536c88174f367c28c8f9c40a,0.0,0.0,0.0,0.0,0.0,0.0,0.0
1ba9c82a6ec5c82ebd1b9780f87d1d08,4624707.839726027,2616768.9126232876,990768.9126232876,0.0,5490962.78405107,1718868.9126232876,2026268.9126232876
b10d6c24bf6222ff725cc22ee8b98edb,5194593.006849315,2386075.8801369863,2078375.8801369863,0.0,1309873.9851377604,4628775.880136986,3852275.8801369863
665a5038939c13c450e983a66a484894,0.0,0.0,0.0,0.0,0.0,0.0,0.0
9949b598c91b5271952a52afa6f12385,2043234.708219178,0.0,1093790.2600233965,0.0,0.0,0.0,1600029.500111783
7f831330867dfba2571482b1fd4e9fc4,0.0,0.0,2456130.4533033,0.0,1401737.2138113277,3509212.893061644,2279712.893061644
1180d1939822f7e3fc08498ec5f1a736,0.0,0.0,3741692.7855175184,3379155.873150685,6196655.873150685,0.0,6174043.76924979
d00c087e1820bd2cbd1032131f09f1f4,5049297.482191781,2270821.8962054793,779321.8962054795,6268921.896205479,4748221.896205479,1081621.8962054795,4385121.896205479
b126270a6a1f3270573fffccaee0632c,6028874.666438356,0.0,1558925.9185392016,2792953.9073835616,3806453.9073835616,3762553.9073835616,3314453.9073835616
d816e549ec16d08e2e714a27c8d18fdb,0.0,8590841.67827782,0.0,5437090.285878389,0.0,11522862.934508525,1836636.9363767123
7767955d4af05aac5a0348e9d7d80f84,0.0,0.0,0.0,0.0,6375955.732959627,8882384.918212328,2244384.918212329
21492ae4c76c4691b07fb0b89e70488b,0.0,0.0,0.0,0.0,6007563.434451315,7468468.912623288,8056468.912623288
4c4df582f69364e3ebbb2e0bc143551f,0.0,1443375.505065824,1080669.878041096,2118069.878041096,0.0,0.0,7581518.510157312
9ae0ed43d75ce49ffa6003a97fd649b4,0.0,0.0,0.0,0.0,0.0,0.0,10026003.163134549
76ef1b4f42d747f7cbbc0cd9c8f596ad,0.0,0.0,0.0,0.0,0.0,0.0,0.0
d56605dbb941d902f46508ba775d91ce,0.0,0.0,0.0,0.0,0.0,0.0,0.0
bec735ebca41c39b289bae0e21ed1875,0.0,0.0,0.0,4478425.389737082,6903072.914020548,4722272.914020548,4746472.914020548
f253d90d378984380c55ec4ac0178ef7,0.0,2076133.1709796912,0.0,0.0,2573196.01948756,3480008.8916643835,9209908.891664384
41ac238b726521ac99d2b9970fd9d2da,0.0,0.0,0.0,0.0,0.0,0.0,0.0
46a09d83265a3c40581ed315e643a6ce,0.0,0.0,0.0,0.0,0.0,0.0,0.0
f54456b8df92db5c7dc52aa721b41e3e,0.0,0.0,0.0,0.0,0.0,0.0,0.0
bb80b3c05023e3b93f1ece00230ea182,0.0,0.0,0.0,0.0,0.0,0.0,0.0
7033c0ad290700b2d21714a95ce9510e,0.0,0.0,0.0,0.0,0.0,0.0,0.0
aa18bb99d8a883be6b8615e5d80d1d1e,0.0,0.0,0.0,0.0,0.0,0.0,0.0
8abf75c017f14d2b039ba13ff68fa2e2,0.0,4440599.868303814,2553729.8640684932,1296429.8640684932,0.0,1592660.2978420034,3349229.8640684932
033ffccd56fab9b654b29d2d0041b3b4,0.0,0.0,0.0,0.0,0.0,0.0,0.0
74905e544758b9007a30c3d66677e8f5,0.0,0.0,0.0,0.0,0.0,0.0,0.0
ed7d3ea759ad655c4dc81dbf437e45f0,0.0,0.0,0.0,0.0,0.0,0.0,4439193.525763247
c7a5c733caa425e8e942e267352e91f8,7336550.978767123,1679695.991917808,1861195.991917808,7723395.991917809,0.0,0.0,0.0
918c3d91c74201384787e64a220c7c5f,0.0,0.0,0.0,0.0,0.0,0.0,0.0
9bb1401324d6116a81586c5edea40dcd,0.0,0.0,0.0,0.0,0.0,0.0,0.0
2eea1d0b741ccee45c72b86d3ce6d8aa,0.0,2390167.582021336,0.0,0.0,0.0,0.0,0.0
756cc69d7da57fcd8a8bfab7ab939b2f,3563170.514383562,0.0,0.0,0.0,0.0,0.0,0.0
efa0e80279dfae827561f89de1b26d9c,0.0,4595936.616796143,0.0,0.0,0.0,0.0,0.0
d22ca174fec4387742a3b85d9c4c43b9,0.0,0.0,0.0,0.0,0.0,3813226.5667783767,4058480.1609863015
2839fcfaaa3fdea0da5bb6e1ca0fefd8,0.0,0.0,0.0,0.0,0.0,0.0,0.0
90b1efde8868970b16cb3cae0537b16d,0.0,0.0,0.0,0.0,0.0,0.0,0.0
98a4db1d9c2b5b5ca3e2a18cd3231d9f,5220468.733561643,5833565.155746575,2754965.1557465754,3518765.1557465754,2386065.1557465754,9643265.155746575,6105365.155746575
fcdf3619f265091c44e661615afe5462,5235094.067123287,0.0,4073930.585998228,2374352.9070342467,693452.9070342466,0.0,5748258.549011927
424dc5f3dcb939f87d68f29942bf9cd9,0.0,0.0,2922186.953777924,5956862.910527397,0.0,0.0,8352029.322672376
4e634be26bf3ab235d9c479b1597de27,0.0,0.0,0.0,2473723.4903242886,8230248.905636987,2114048.9056369863,0.0
7cc713e35390a618bd10b8c9c0da286e,0.0,0.0,0.0,1781848.3135661108,2877848.940568493,4319048.940568494,6372048.940568493
35d1f52ad6326e925f3fdead1b505c25,6305086.405479452,0.0,3263148.5661339615,0.0,1835393.846270948,0.0,0.0
6a12fd5b51959276637403765f987b27,3533109.870547945,1510140.8679109588,1122340.8679109588,0.0,3008743.3311351817,3239740.867910959,874240.8679109588
e7ff010a547d5090be256f1e1c704edb,0.0,0.0,0.0,0.0,0.0,0.0,1436683.4309846307
5976c7c74c2a5889d885dad8015faff0,0.0,0.0,0.0,0.0,0.0,0.0,0.0
9f9f286a6d9690944744fcf7f8e7bcfd,6578405.632876713,1860351.9066849314,0.0,1031726.9130462949,5178951.906684931,2837351.9066849314,2859151.9066849314
661a8d95ae7442beb0baad039b5e43b8,0.0,0.0,0.0,0.0,0.0,0.0,0.0
ec3004f4135768e6bb8f146d9f42e106,0.0,0.0,0.0,0.0,0.0,0.0,0.0
3f1d00b156eb2dd648f3e093ab081d7c,0.0,0.0,0.0,2174419.8957344173,0.0,0.0,1987778.4519147866
71d6f65e6d2596b97ce7627d5e6332ec,6705872.758219179,1614352.9768972602,740952.9768972603,967952.9768972603,2140952.97689726,5534152.97689726,1859152.9768972602
7837f1c2f77d527e7e46f462028d4158,5406561.426712329,2848912.9279931504,0.0,1026667.0192785778,6813512.92799315,3688812.9279931504,5314012.92799315
2e60004b3245d65df7dca8a752d93999,0.0,0.0,0.0,0.0,0.0,2425547.6324069323,0.0
1a351b5afb59c03c8e0851ca064de1de,3945199.9671232877,629595.8871232877,0.0,5452478.997601073,0.0,0.0,4947159.1583098825
36f67bd31a08c477b33182a26baa30ea,0.0,0.0,0.0,0.0,0.0,0.0,0.0
2440184b0603543092382fe66a57eb7f,0.0,0.0,0.0,0.0,0.0,0.0,0.0
3bef95a4aeabff673ee84eaa4e8b96d6,0.0,0.0,0.0,0.0,0.0,0.0,0.0
f26eb0251c7b3f5ba2858d60c1a3b470,0.0,0.0,0.0,0.0,0.0,0.0,0.0
6658e3a6df39a2fc6f16d264397a2fb9,0.0,0.0,0.0,0.0,0.0,0.0,0.0
5cb3926b26cd86a5b3caf20f512c158e,0.0,0.0,0.0,0.0,0.0,0.0,3338137.3734918213
3fc3619c16306db274ec063aee6dd5bb,2907531.3157534245,0.0,0.0,0.0,0.0,0.0,4076096.932469962
b38d18232d45ea6a9cc803f391aa7fc8,0.0,0.0,2967463.767526353,0.0,0.0,1958233.833808396,2580961.910178082
6c3a006dd6eecc9f0798322640167545,0.0,0.0,0.0,0.0,0.0,0.0,0.0
144e73448cb520d80afe8c6fad1b5fa2,0.0,0.0,0.0,0.0,0.0,0.0,0.0
15189f05599ab85b2198f877524fc2fd,0.0,0.0,0.0,0.0,0.0,0.0,0.0
68855fe8af666dcbda0d60dd073ee5ac,0.0,0.0,0.0,0.0,0.0,0.0,0.0
955053125ebfe28ba570777919519c48,0.0,0.0,0.0,0.0,0.0,0.0,0.0
fbc5d2712dfe2402c49c7a5d57809a93,0.0,0.0,0.0,0.0,0.0,0.0,0.0
04ff8cff97705b3f67b69fbf4a925c21,0.0,0.0,0.0,9160403.570426036,2931306.92589726,1130906.9258972602,0.0
23791ef0289439d5223d3e3b725e6089,0.0,0.0,0.0,0.0,0.0,3439713.392125113,3417855.908082192
5dc40ea3ef8c58970d67bd32c52608aa,0.0,0.0,0.0,0.0,0.0,0.0,0.0
a933fc5e19fba9802af49b21901dc479,0.0,0.0,0.0,0.0,0.0,0.0,0.0
b20f7713caac822b66f097474c176be5,0.0,0.0,0.0,1417350.1598786002,1559342.903541096,2256242.903541096,3183142.903541096
ed7db838256cc0fce61357dd220fb537,0.0,10072634.854234181,3203808.9615273974,6291208.961527397,0.0,0.0,0.0
3e278531150fe0032cc9c6940cb86e1c,6810701.401369863,665889.9199589042,0.0,2606586.0948087815,5419889.919958904,3597989.919958904,5248089.919958904
a29ad1b133dbec02cd1ff5624bc30cec,0.0,0.0,0.0,0.0,0.0,0.0,0.0
dee0a5db52983be4087050dbcf30b882,0.0,0.0,2803465.1800838467,1315819.8955068493,3619219.8955068495,3455119.8955068495,0.0
3338ee179677bb1ce6f2633996076d22,0.0,0.0,0.0,0.0,1891849.354515804,5033412.8930616435,2645812.893061644
9d9c6b3d94a9fa22747033efa44dab40,0.0,0.0,0.0,0.0,0.0,0.0,0.0
44c2c1b0f20d34bb15b97624d83d8b5c,0.0,0.0,0.0,0.0,0.0,0.0,0.0
c4901993d4371b08cce69ef8443223ea,0.0,0.0,0.0,0.0,0.0,0.0,0.0
58ee56cab1c8b6fbae6b9893c35213fb,0.0,0.0,0.0,0.0,0.0,0.0,0.0
3550106393f700de1707933ea50e6abb,1941525.7541095892,2292273.879438356,1840473.879438356,2736373.8794383565,564873.8794383561,0.0,5041435.585809237
4429cb27a8d99f7b6f664c20b1289374,0.0,0.0,0.0,0.0,0.0,0.0,0.0
d1d2137e8d22c7b8d3ae9fde272aa173,0.0,0.0,0.0,0.0,0.0,0.0,0.0
445e8e11b4222236c24c1e12f2fa2a8c,0.0,0.0,0.0,0.0,0.0,8303093.784100345,0.0
c888180df1938bb9592156b9340334b8,0.0,0.0,0.0,0.0,0.0,0.0,0.0
1c6371fbe854a472539755a2cfa29cfa,0.0,0.0,0.0,0.0,0.0,0.0,0.0
8471bb7eec8f1c84c28f96ed603cffb6,0.0,0.0,0.0,0.0,0.0,0.0,0.0
d1c97c809c7e3af68526e6ec42862177,0.0,0.0,0.0,0.0,0.0,0.0,0.0
feec24253f55e6b06b62a7beb009df26,0.0,0.0,0.0,0.0,6963035.011486311,0.0,2126895.7968385452
a304b5ba1b815cb8a04d328ec148d784,0.0,0.0,0.0,0.0,0.0,0.0,0.0
796ce55bc3f34ef50b2b710995b8b854,0.0,0.0,0.0,0.0,0.0,0.0,0.0
8b55feb51216e7508196c3e4397fd789,0.0,0.0,0.0,2199691.3913836,4215811.892712329,3075111.8927123286,4318511.892712329
2d438e082cce6add0741790a23341e4c,0.0,0.0,0.0,0.0,5224660.617075086,2232425.8976027397,1610525.8976027397
1ddb8b2a891b52781d187df03fbaa565,0.0,3498846.293378181,1029768.9126232876,6167168.912623288,0.0,0.0,0.0
6ac3695e98cddc8d083729b923b215cb,0.0,0.0,0.0,0.0,0.0,0.0,0.0
29e86b99a0ef95b86d3326d0b868a85f,0.0,0.0,0.0,0.0,0.0,0.0,0.0
1fd32b1290c5b0295914c16be37a71fd,4893775.422602739,0.0,0.0,1722180.0972832285,0.0,3440247.908815615,2014933.9003972602
a002e09d5595e212f9523215f0710906,0.0,0.0,0.0,0.0,0.0,0.0,0.0
e5a9d6a9b343f9818391a8fbb2af379b,0.0,0.0,0.0,0.0,0.0,0.0,0.0
8dc6e05e5d13feb136c33b0296683fef,0.0,0.0,0.0,0.0,0.0,0.0,0.0
ac2ed0db62dc66284230e6a43523c12b,0.0,0.0,0.0,0.0,0.0,0.0,0.0
4c5d0e769d962b2ed61396d277b914cb,0.0,0.0,0.0,0.0,0.0,0.0,0.0
5837877db881d1ebcc0c4e818761a2d3,5941360.066438356,1151585.918561644,0.0,4002074.22560379,0.0,0.0,0.0
271560e63aa6e74093ec0805bf79c852,0.0,0.0,0.0,5551802.046236202,7273366.87699315,705966.8769931507,0.0
d72a63031739e7081a4ba8397e804253,5406097.530136987,1223583.8829315067,0.0,3165363.7454655515,0.0,0.0,0.0
aeef070602732b051e2f63475f4ed0f3,0.0,0.0,0.0,0.0,0.0,0.0,0.0
47942907a3a77e120ad62c8dc03464c6,0.0,0.0,0.0,0.0,0.0,0.0,0.0
eb9ef92691ccd586bdcb86cbe0879463,0.0,0.0,2064093.4639715424,873100.1330410959,2303500.133041096,1958700.133041096,2235000.133041096
be2eb1583f64c724fe958562c585af40,0.0,0.0,0.0,0.0,2439330.0354864355,0.0,1871817.4981602263
95ee620f69466a4a6b75660e78bdf6b6,0.0,1689569.0126008256,1933569.9479041095,0.0,7750064.51589491,605469.9479041096,4217269.94790411
76a07e67612fab1a6e6d05c274897725,0.0,0.0,0.0,0.0,0.0,0.0,0.0
f49fd3cc933e493ed4d7fdb31b911e73,0.0,0.0,0.0,0.0,0.0,0.0,0.0
93484791f80791afdec50cf1f0302e2c,0.0,0.0,0.0,0.0,0.0,0.0,0.0
7a8aedc73a7fd7aed2c8e19456dc18d4,2646983.5773972603,873558.8741986302,0.0,3563156.089475451,1705858.8741986302,2103358.8741986305,3620358.87419863
9418e298bc332d785ca18ced9b462213,0.0,0.0,0.0,1079541.8153091066,3787549.8710547946,4367849.871054795,2487549.8710547946
c780ffd462e252fa344cba644f1a66d3,0.0,2872664.13555668,2390707.8913150686,2291507.8913150686,1215407.8913150686,4172107.8913150686,3278207.8913150686
b5a1847dc41a07ae917af20840d8c8e8,0.0,0.0,0.0,0.0,3032724.926566978,0.0,4140560.67035244
86f00872587bb7f5c155d9b01fb7c40d,0.0,0.0,0.0,0.0,0.0,0.0,0.0
1751c2e8a90962513ac6d7b9cefea7d8,0.0,0.0,0.0,2843330.152262301,0.0,2716543.1587079777,2017117.8948082193
495bc432500645d3e5f0394d6eb4c17c,0.0,0.0,0.0,0.0,0.0,0.0,2461724.500832376
3bc379d1770b7cc85432537d81e68e64,0.0,0.0,0.0,4832611.5266622305,1973326.8979520549,2536626.8979520546,4613026.897952055
77f84b862a84269d9e74f5ebaa61e58a,0.0,0.0,0.0,0.0,0.0,0.0,0.0
8bd3ad47b4f2aa492aca0cb1d58b47b6,0.0,0.0,0.0,0.0,0.0,6561488.208771708,3238673.158541096
b5258c80101c542649b0230159c74cea,0.0,0.0,0.0,1654437.6848750527,0.0,3866056.933109875,0.0
c601132107cca0754584bfcdad8cfad7,0.0,0.0,0.0,0.0,0.0,0.0,0.0
fd9678856584f2f45db11c0faf972fa2,0.0,0.0,0.0,0.0,0.0,0.0,0.0
372be49936aefdfc80e6fd3510f4bb58,0.0,0.0,0.0,0.0,0.0,0.0,0.0
006b6cc0a18304b2b7258988d0ce023e,5308596.1075342465,0.0,0.0,0.0,0.0,0.0,2618512.9139933414
3be63f4888cba380507e70a3957bc9e2,0.0,0.0,0.0,0.0,0.0,0.0,0.0
792fd04d94ccde27c0e0d33a4847f84d,0.0,0.0,0.0,0.0,0.0,0.0,0.0
ff86aa676df6e54cf5d575df77fc5564,0.0,0.0,0.0,0.0,0.0,0.0,0.0
26a3dd41af5f133f26f6ae3526cbd3a3,6918554.153424658,2964783.9178630137,4810283.917863013,7976983.917863013,7367383.917863013,7236583.917863013,11762183.917863013
aac2db301f6e00ab928fd1aa0b944d16,8436406.560958903,3414719.174609589,0.0,0.0,5004564.087609094,4254619.174609588,0.0
5964f9e64dc0e33f1249de563a98340b,0.0,0.0,0.0,0.0,0.0,0.0,0.0
a3cf56f9816f720c5c46a83a3a5934ac,0.0,0.0,0.0,0.0,2541848.375431431,1823581.1613356164,819281.1613356164
b1662d62c159ad433da3c0ec5893c454,0.0,0.0,0.0,0.0,2828328.3244093778,2160090.8853767123,1949590.8853767123
a6e8c1062b2d56743e2b15d0d8aefef4,5219278.643150685,0.0,0.0,0.0,4137518.1897622165,1800190.1295479452,2211990.129547945
8c306174405897c0f978037bae0be5f8,0.0,2619371.019836358,0.0,0.0,2908302.1815717015,1009024.9671164383,3027724.9671164383
61f0cfe56dd53761bc6ef581d61406a2,0.0,0.0,0.0,0.0,0.0,0.0,0.0
8117a86dab823266b4c97568bec57282,0.0,0.0,0.0,0.0,0.0,0.0,0.0
744dbbb384b3bd1952f5e290f386a9cf,0.0,0.0,0.0,0.0,0.0,0.0,0.0
182377100215f2332aa7a8788943618a,0.0,0.0,0.0,0.0,2089934.809234705,0.0,0.0
b6e889a9aa2fb96dff601e59c23e9ba5,0.0,0.0,0.0,4591278.214846229,0.0,2559009.211872937,3890143.148061644
2c5d4f01a6ef4d7e52f4106c805fb23a,0.0,0.0,0.0,5160181.6718389485,0.0,0.0,0.0
701c545721d6c8fd8011e442bd72ea41,0.0,3282965.6045490103,4067417.8948082193,0.0,1326466.615557293,3001317.8948082193,2183317.8948082193
f80ea2b2f46ceb904c4e859b3663e21c,0.0,0.0,3613400.47890507,0.0,0.0,0.0,0.0
7629c61d3f54e9d058100414375fbb96,0.0,0.0,0.0,0.0,1537505.6542076021,0.0,0.0
2f5254a577e72db5ae46c340d28d3a7a,0.0,0.0,0.0,0.0,0.0,0.0,0.0
0a1874a8a018d40c25f8bef45de37783,0.0,0.0,0.0,2480725.5264696367,0.0,0.0,0.0
b2431576d34417d9c7884eb5679bd3f9,0.0,0.0,0.0,0.0,0.0,0.0,0.0
01f44929012b30c14f9a77228591ca77,0.0,0.0,0.0,0.0,0.0,0.0,0.0
8de05a7fb17185ff26c172377913fa64,5703549.301369863,5565393.886424658,3555293.8864246574,3201693.8864246574,4158193.8864246574,0.0,0.0
557c91a3f1ac312a49a3bfe68d438a02,8545650.86369863,0.0,0.0,4269369.434998942,1331801.8892191781,4399001.889219178,3442101.889219178
67544c2a43c3fd651a87384a95520f80,0.0,0.0,0.0,0.0,0.0,0.0,0.0
44834fa9c8e0d3fb282437790984d1fb,0.0,0.0,0.0,0.0,0.0,0.0,0.0
21af7575fe61cdda49d4e6cf07e158bc,0.0,0.0,0.0,0.0,0.0,0.0,0.0
e9cec85f97311064383b6eae6a3b32e8,4131638.676027397,815533.9003972602,1310633.9003972602,0.0,0.0,4075956.938689168,0.0
c55753fd4a2036d650f816d632db250e,0.0,0.0,0.0,0.0,0.0,0.0,0.0
0702d8285e74db5a832d29ce60a87bc0,0.0,0.0,0.0,0.0,0.0,0.0,0.0
af5c2211dec79eeb2a069bfc14d8da04,0.0,0.0,0.0,0.0,0.0,0.0,0.0
c6f698f0c1ee16e3a2761464c2896bd8,0.0,0.0,0.0,0.0,0.0,0.0,0.0
cfafe0287c4be4ebfa7ae13c995cc0dd,0.0,0.0,2385505.6355908588,1267557.118020548,989157.118020548,2530157.118020548,0.0
ef69d993f087f80095b9d078861d4344,0.0,0.0,843343.591118742,842685.883630137,1683685.883630137,0.0,3278449.039999554
aadc0b4a0d79fd6632c2083efe3c104b,0.0,0.0,0.0,0.0,0.0,5295115.633909571,1780811.8927123288
50ae26d58c7a91dd772272d979c2d2d4,0.0,0.0,0.0,0.0,0.0,0.0,0.0
ece618bb36ad39e2f758bb8d68dacf9a,0.0,0.0,0.0,0.0,0.0,0.0,4107084.208759485
1cf6fb95b2d8a2e9cbb419425bc8bf6b,0.0,0.0,0.0,0.0,0.0,0.0,0.0
6a46c4f90d7c2b55f868b1a67971aa9f,0.0,0.0,0.0,0.0,5848062.284100337,0.0,0.0
36e8eabab72c21050c1f746a73219fc1,0.0,0.0,0.0,0.0,0.0,0.0,0.0
d7bc969cb0df97fb79fab9ff2cbe7be7,0.0,0.0,0.0,0.0,0.0,0.0,0.0
4f117bc34117badda94f3e66c4c9bee7,2154619.644520548,629160.8748972602,2194160.87489726,0.0,718297.1422286318,0.0,0.0
19314f55a2946842cda9bb34b4b509b3,0.0,0.0,1805432.2140942537,2289333.8654657537,4352133.865465753,702633.8654657535,1285733.8654657535
cb6452c0b8d8a3b6067585db08610bb1,0.0,0.0,0.0,1811924.441459705,0.0,0.0,0.0
15d9559f444d80d9897b6d350ed008f5,0.0,0.0,1824308.299214252,1027944.8693082192,0.0,3344851.8208881184,1049544.8693082193
ec9e133817b40abf1f6f6cb474a076ca,4076009.990410959,1862251.9066849314,1770851.9066849314,534951.9066849315,3432751.9066849314,0.0,0.0
b58bcff6ad309ff0738a52153f05fddb,0.0,0.0,0.0,0.0,0.0,0.0,0.0
096cf05a6d6db200b7935061ff71edcc,0.0,0.0,0.0,0.0,0.0,0.0,0.0
e727dddb50e98e507a71c8109ab4078e,0.0,0.0,0.0,0.0,0.0,0.0,0.0
8bd5a54e957806aae229f3df16bf1b6a,0.0,0.0,0.0,5524166.724559189,0.0,0.0,2791953.8542299336
0a8d4469d73045a622432edf61cfd146,5497562.48150685,1082039.9024931507,3623539.902493151,3656639.902493151,4933539.902493151,3248839.902493151,2179039.902493151
f69e371055eaa82660d85f5489b19d48,0.0,0.0,0.0,0.0,7345521.796534775,0.0,0.0
ed788bd1ee5efd196365aeae66a60937,0.0,0.0,0.0,0.0,0.0,0.0,5199443.61737828
6c0e48c5255d58c988fbd5c86ae70542,0.0,0.0,0.0,0.0,0.0,0.0,0.0
7d78ba7be8a26b4b12be63dd4ade72b3,9565156.348630138,0.0,2248462.4388052267,0.0,1327541.724421665,6105562.910527397,0.0
63e9532e10749db2c2679e749373b768,0.0,0.0,0.0,8655361.869431395,4034759.9094794523,5838059.909479452,5118059.909479452
0af8a686fd2bd19443de15d9a9bb9a99,0.0,0.0,0.0,0.0,0.0,0.0,9730241.429984488
f8833f62ca66a833339b42facdc9f667,9859378.770547945,3190094.9217054793,1084894.9217054795,0.0,5113316.806143788,5349194.92170548,2649594.9217054797
ecd04a951905cf824cd6703e862a0331,0.0,0.0,0.0,0.0,0.0,0.0,1816218.6750380634
bcd1fdfb231acf977ed7ba8284fd0496,0.0,0.0,0.0,0.0,0.0,0.0,0.0
df9c0d0a6f770c37b391db9e10952d4e,0.0,0.0,0.0,0.0,0.0,0.0,0.0
4e140b578206b92e444c5d0eeff5a4ff,0.0,0.0,0.0,0.0,0.0,0.0,2482170.8197234524
f7679086770b98870ac9afb42fb116f6,0.0,0.0,0.0,0.0,1840813.315819693,671096.608020548,5914596.608020548
c8651039c26f83e7cf2826b17bd5f89d,0.0,0.0,0.0,0.0,0.0,0.0,0.0
001cd93c0d71a9201c2a3e5e0dc49959,0.0,0.0,0.0,0.0,0.0,4345766.794794997,7007688.884678083
002fc583a1d6b9d822f836a0258425ac,12516069.52328767,3227922.966417808,9781422.966417808,0.0,0.0,0.0,0.0
48a0227fb63e26ff0c32e60889d5c60e,3857831.221917808,3425626.9328835616,5334726.932883562,6046426.932883562,0.0,6934253.884441253,10576426.932883563
6f05a3177de3082185a498f49e890e2e,11634007.575342465,2417244.9391712327,3404044.9391712327,537844.9391712329,11118144.939171232,2666544.9391712327,0.0
b3f88f794e6ed73b74af83fb75ae0cc2,0.0,0.0,0.0,0.0,0.0,0.0,0.0
c3dbebf64ec8eaff8630986d2a0ea5c1,0.0,0.0,0.0,0.0,0.0,0.0,0.0
ef3a1b863c52a453c994c240e81002b2,0.0,0.0,0.0,0.0,0.0,0.0,0.0
d6ee856c255539873965f9a081de3bd2,0.0,0.0,0.0,2223575.617119332,1380573.158541096,2008873.158541096,0.0
0a5848384fa50ffe026ba071df826928,0.0,0.0,0.0,4508745.809205603,4927581.917164383,1404181.9171643835,3066481.9171643835
8439dd935782aec50a36493df52bf9d9,0.0,0.0,0.0,0.0,0.0,0.0,0.0
33bf905a168df9b5d8675ceced168315,0.0,0.0,0.0,0.0,0.0,0.0,0.0
61a498776538f9e3e65eff3943b04065,0.0,0.0,0.0,0.0,0.0,0.0,0.0
76ddbc6017796b95a833ebd368dd0597,0.0,4628283.432404241,624341.5888082192,4221741.588808219,0.0,2999429.8432258274,1000441.5888082192
d86fd09c77d0859bc315c28faa77a651,0.0,0.0,1790480.7865222674,1372338.8672123288,3290138.8672123286,2987938.867212329,2274138.867212329
fbafc8fcfd26057e43f5b1c81ba25344,0.0,0.0,1062181.4725620958,0.0,1035400.4707407441,1035173.8794383561,1604573.879438356
ea7cbdf533aa83b94f167949c5ab66c8,0.0,0.0,2934482.129168242,1618068.8776917807,2273868.8776917807,2015568.8776917807,2504668.8776917807
c940e4096ea25ed8cc310225a05e61de,0.0,0.0,0.0,0.0,0.0,0.0,3664048.760907968
dfe7be1332954509de2f6ba2b45ef379,0.0,0.0,0.0,0.0,0.0,0.0,0.0
bbb64247fc6a8d5096704fde8afc3a24,5405030.956164383,0.0,0.0,0.0,0.0,0.0,7310655.665831535
8ac8bdaaf78b3820ca717204e33cd4f7,0.0,0.0,0.0,0.0,0.0,0.0,0.0
e82e89318196d1b667302d70b3a5506c,0.0,0.0,0.0,0.0,0.0,3197401.5392299662,1896945.8696575342
aa07faa9c4b91b69828bf5b131ca9584,0.0,0.0,0.0,0.0,0.0,0.0,0.0
c0e04d7a95ba3e0cc4826106fed3915b,0.0,0.0,0.0,0.0,0.0,0.0,0.0
d020075c5a60f183607b90ffd104f5af,0.0,0.0,0.0,0.0,0.0,0.0,0.0
bbc0ab51bc5efe5bd47b6786bdf0a2f0,0.0,0.0,0.0,0.0,0.0,3026639.366938444,5607709.171116439
873b02385efba4e4011b7d48d5f5300c,0.0,0.0,0.0,0.0,0.0,4700267.380455908,7146612.172164383
3a1997b4684fd86a1e3934f6363f188d,0.0,0.0,0.0,8273794.40297378,1801024.1763561643,6294724.176356165,9659224.176356165
9fa440806eace27dd520787e26c11fae,4986412.408904109,835166.1560958903,0.0,1101666.0945619117,1735166.1560958903,2987766.1560958903,3854866.1560958903
139d8e00defbdd5f4e1badf4ae730472,0.0,0.0,0.0,0.0,0.0,0.0,0.0
6e933d46bd5f567323cb273334d408ab,0.0,2832378.6298176204,0.0,3837192.9323448422,0.0,0.0,0.0
1c3d93a963cc76190aa4ad40b584fde2,0.0,0.0,0.0,0.0,0.0,0.0,0.0
0338903d9f6a928ea6679e65db8348c4,5264011.604794521,0.0,0.0,0.0,0.0,0.0,0.0
d938420c8189049b0cedb8f56e08f49b,0.0,0.0,0.0,0.0,0.0,0.0,0.0
89f1e4458ec1e8313b589004c6b96b7b,4057694.867808219,0.0,957029.0975760429,0.0,2489187.7653842624,0.0,0.0
03e71b06a6970af2c002a4b374029d1a,0.0,0.0,0.0,0.0,0.0,0.0,0.0
cb5e465caee289c5528756b3835d9320,0.0,0.0,0.0,0.0,0.0,0.0,0.0
35b92245118dbdb01c104ef34ebbf4bf,0.0,0.0,0.0,0.0,3048849.336966777,794242.9035410959,1616842.903541096
6dc6d39b26b145aba3638a37dc58d29d,0.0,0.0,0.0,0.0,0.0,0.0,0.0
2fb948ed1669e61e70e12ab57b806ef8,0.0,0.0,0.0,0.0,0.0,0.0,0.0
f526c2d52fd52a0eedcb29f7eaa3031a,0.0,0.0,0.0,0.0,0.0,0.0,0.0
859639d0c1212ca3b7628e1b5028a9b0,0.0,0.0,0.0,0.0,0.0,0.0,0.0
55c642aa5c5c81337981a606aee75244,3595269.259760269,0.0,0.0,0.0,1734185.8652387345,0.0,3130139.3973241635
f9e15f4b7877ae7de488704e2270b453,0.0,0.0,0.0,0.0,0.0,0.0,0.0
842c4e849fe23f42c485e056d3889f6a,0.0,0.0,0.0,0.0,0.0,0.0,0.0
9c7b3d5255c8063f879f4f9ba07f2f06,4884188.320547945,1611022.0708630136,1620022.0708630136,6885722.070863014,7031722.070863014,3629222.0708630136,7298522.070863014
51a3e81a61c1fdd7de7a91299ca43c78,0.0,0.0,0.0,0.0,2515065.9112779335,1958986.302808219,969986.3028082191
3d4e6bb0e5c4fff2470e050096f075fb,2906549.9424657533,0.0,0.0,0.0,0.0,0.0,2191296.939177719
b46866f897cd2a9716f72b62f35fa208,4619837.9061643835,786214.0680684932,3683114.068068493,2824314.068068493,968314.0680684932,3947714.068068493,0.0
dfc1f0f16ebec84181be67ad93714842,0.0,0.0,3914560.174494109,0.0,3910468.592431077,3734741.9031917807,0.0
97d0e352b90777799f10e1f15e2d5b77,10216724.816438356,9867580.335643835,5375880.335643835,5057980.335643835,7230980.335643835,5413680.335643835,10221380.335643835
f3764d71fd1e9d20dbd5a4d00b9bdb1a,0.0,0.0,0.0,0.0,1340668.134096974,2879682.056890411,0.0
f5e2a691fe69c265ff1a166dff788342,0.0,0.0,0.0,0.0,11463246.9678666,8755553.942315068,4925053.942315068
597b7434ae106cbdb8daf105190ae9b5,0.0,0.0,0.0,0.0,0.0,0.0,0.0
f52274bf0a3ca6e07615695e6ac37e62,0.0,0.0,0.0,0.0,0.0,0.0,0.0
88bba92b02ee9f33694be597600ee1e2,0.0,0.0,0.0,0.0,0.0,0.0,0.0
0733f5660422f97a096a45a098632bbc,4333197.855479452,0.0,0.0,0.0,0.0,0.0,0.0
89a36c28b524829a1ce62c61cfa39c80,0.0,0.0,0.0,0.0,0.0,0.0,0.0
e8013e349761dedaf7105a28e70d0da7,0.0,0.0,0.0,0.0,0.0,0.0,0.0
cfbde1d90e435decc9fca0a42cff9edb,1840451.3821917807,0.0,0.0,0.0,0.0,0.0,0.0
60545341dc3809e615d19eccfb99f98d,0.0,0.0,0.0,0.0,2506272.2324278243,4886310.892363014,1312210.8923630137
08dc0d233e005e204f2c2116a100c0b2,0.0,0.0,0.0,0.0,0.0,0.0,3795103.120823353
cfbdcfe59aabfae2cb4e717fa785479f,0.0,0.0,0.0,0.0,0.0,2904772.957460411,0.0
abb12f0bdbcf0ff0e75f61ee400dd172,0.0,0.0,0.0,0.0,0.0,0.0,0.0
987aea8241159ea713f699a39504441b,0.0,0.0,783954.0735255447,1375347.8703561644,2061547.8703561644,3465847.8703561644,1646747.8703561644
5b980a902811057be3eb825823fc0466,0.0,0.0,0.0,0.0,0.0,0.0,0.0
f4895e59c43cbffc3f00cc90fbae08f1,0.0,0.0,0.0,0.0,0.0,0.0,0.0
b58a20d3010a595bad4f3493dde9693d,0.0,0.0,0.0,0.0,0.0,0.0,0.0
854fb3c127aa6c55f49667acc86421a6,4731623.069863014,1609741.868260274,0.0,0.0,3378060.3426485313,5003141.868260274,1035441.868260274
567fcfa18914571cb50d577b0bb73c00,0.0,0.0,0.0,0.0,0.0,0.0,0.0
9fa356fa8d405dbc0ff1a72b06ebc369,0.0,0.0,0.0,0.0,0.0,0.0,0.0
dfebc3f13ccbe702c0fa2fe69d98ae0b,0.0,0.0,0.0,0.0,0.0,0.0,0.0
2290efc2344ecd1b24da648604635a06,0.0,0.0,0.0,0.0,0.0,0.0,0.0
cba667a92eb1d3a3ddb8eea14413cf45,0.0,0.0,0.0,0.0,0.0,3657502.2385477643,6154168.15679452
73b3f1c68f92b251ffc51a3a7dd81566,0.0,0.0,7270431.210015854,0.0,0.0,4743482.566758126,2060666.1560958903
719b291eff3f1189c1b80581792fd851,0.0,0.0,0.0,0.0,0.0,0.0,0.0
2752e1ed0fb8ea9ac4e1ebbfe205ac9e,0.0,0.0,0.0,4984146.085544647,4687193.921356164,6478793.921356164,5169693.921356164
b4b69d6fa3966fc07edf7c251c90ee86,0.0,0.0,0.0,0.0,2555137.773678006,1569053.8724520549,4383253.872452054
d1be3349eca24ce00034f3b93fa15d2f,0.0,0.0,0.0,0.0,0.0,0.0,0.0
f917ae6d5a79f21489581d9962b0e70f,0.0,0.0,0.0,0.0,0.0,0.0,0.0
c1e0426d0961d66bc82476dfe13875a2,0.0,0.0,0.0,0.0,0.0,0.0,0.0
aef6cd47ff997593e3e89a2216e17716,2803412.383561644,853665.9115753425,616965.9115753425,1633365.9115753425,1326965.9115753425,0.0,2657632.333688422
42f80747218633c692d8616a5c777df7,0.0,0.0,0.0,0.0,0.0,0.0,0.0
e65b1f16fb39c07b5da6a2688d6e605a,0.0,0.0,0.0,0.0,0.0,0.0,0.0
c9acb588e5c27fa1662a5fddd0dbf585,0.0,0.0,0.0,0.0,0.0,0.0,0.0
a2ab427714701c2d54fbe22fac4c8456,0.0,0.0,0.0,1562110.8512572623,1876096.1316438357,1124396.1316438357,1679696.1316438355
2db70f291d22cd4d623810d57145bb80,1517747.9636986302,0.0,0.0,1128780.873873087,2712853.1166232876,1336153.1166232876,1885253.1166232876
40185d9312f7a83cca0209717756b045,0.0,0.0,0.0,0.0,3667745.868771957,2912486.1281506848,0.0
30d65385c72bd4b0c669b9407a05c72f,0.0,0.0,0.0,0.0,0.0,0.0,0.0
454fc4ea80762640f0b57827f954d639,0.0,0.0,0.0,0.0,0.0,0.0,0.0
1ca5868f4ed07b653d03cebadab07845,0.0,0.0,1256625.479644875,1502410.8574315067,844810.8574315069,2039610.8574315067,0.0
6de72dc9df4827b329ad8955c69247ab,0.0,0.0,0.0,0.0,0.0,0.0,0.0
935aca6d48d1183f115e46c469682c94,0.0,0.0,0.0,0.0,2756594.54664735,1553788.919609589,0.0
630261f21ce1efc1cd7c02354e16753d,0.0,0.0,0.0,0.0,0.0,0.0,0.0
0a121b455f8bfd1903e8cad97a751fbc,0.0,0.0,0.0,0.0,0.0,0.0,0.0
934113b3719d41d8a11a6c6eaa5a6f59,0.0,0.0,0.0,0.0,0.0,0.0,0.0
b21ee4fa21adc93aa333f49ece8b4808,0.0,0.0,0.0,0.0,0.0,0.0,0.0
c8cbb867830171ded86ef2ac70c13e6d,0.0,0.0,0.0,0.0,0.0,0.0,0.0
b42592137dd37de41f015fce48ca411c,0.0,0.0,0.0,0.0,0.0,0.0,0.0
cf406c7e096f259d89f7de468c298102,13133419.04520548,6084950.220369863,7461050.220369863,8295650.220369863,8243150.220369863,5014750.220369862,8790950.220369862
27faad99eed9ce5e2804f982a88afc2c,2170372.374657534,0.0,0.0,0.0,0.0,0.0,0.0
5082185d9c165a95d9ce733d567011d0,0.0,0.0,0.0,0.0,0.0,0.0,0.0
77ac125c4a0d177530d4e07f94a08f91,0.0,0.0,0.0,0.0,0.0,0.0,0.0
3b5d7e547353447a857af69e69c49081,0.0,0.0,0.0,0.0,0.0,0.0,0.0
dff0d91354028ac22ba6aa6adbcaea1a,1432195.6883561644,0.0,1128173.872272062,0.0,0.0,4390450.663423294,0.0
9bd7b9a1c9f88bf4e79b9645fc0c9552,0.0,0.0,0.0,0.0,0.0,0.0,0.0
514aba043dfc69d23a07ffc20511f821,0.0,0.0,0.0,0.0,0.0,0.0,0.0
fe006215debaae6b2dfc2ff2469ee727,0.0,0.0,0.0,0.0,0.0,0.0,0.0
7f83b0921eb25c9886d6006a88737985,0.0,0.0,0.0,0.0,0.0,4415103.094800087,684330.8993493151
385805dd3f9ccd3a0e6b4e9609319039,0.0,0.0,0.0,0.0,0.0,0.0,0.0
6a0967278c16372a3a7054d692c99c08,0.0,0.0,0.0,0.0,0.0,0.0,0.0
e8ffb0e326bcc6a4aae886ce1e0bc4f4,0.0,2722267.037743451,707257.8738493151,0.0,0.0,1235244.4613105408,1325357.873849315
3a44ddc7a1787917dd0b912d413a5448,3388303.6280821916,771699.9583835616,0.0,0.0,0.0,0.0,5275855.390972271
2707be52392c9ac218abb379976e831f,0.0,4137545.687940838,2528171.9136712328,3697471.9136712328,4201671.913671233,5576471.913671233,0.0
4940ca05cf0b27a62ac528ea28b4425f,0.0,0.0,0.0,0.0,0.0,0.0,0.0
4b260ff60a0120a2d402a30db1da7621,0.0,0.0,0.0,0.0,0.0,0.0,0.0
3d9d049570336f0b8ae52bc3c843b697,0.0,0.0,0.0,2857955.9450981733,1017626.8979520549,2474626.8979520546,1369726.8979520549
3712216ea286cc627da55954e0d05d03,3004233.365068493,3007570.878390411,2812570.878390411,2453070.878390411,4456370.878390411,0.0,6037345.692980836
3302cd9c6111b3c86ea17dd446d08a0d,0.0,0.0,0.0,0.0,0.0,0.0,0.0
6ea9b95b37143c665f348ac91f0abf71,0.0,0.0,0.0,0.0,0.0,0.0,0.0
6b03870453e111b5944166810817d625,10773857.939726027,6698915.929041096,6863915.929041096,2271015.929041096,10850915.929041095,9920815.929041095,8148115.929041096
8cce8dce6e613ee2eb71b99bf6452737,0.0,0.0,0.0,0.0,0.0,0.0,0.0
23963b50cfcaeb700209333543ec3217,0.0,0.0,0.0,0.0,0.0,4975611.414847691,2938590.955239726
a2f232db6c58db9c308ac94f9981ed91,0.0,0.0,0.0,0.0,0.0,0.0,0.0
f603d033beb600c6a4f5082167d5dfb4,0.0,0.0,0.0,0.0,0.0,0.0,0.0
835397c73c40f97fb43128e523fbd881,0.0,0.0,0.0,0.0,0.0,0.0,0.0
da2397af98d68b0533485c911a5e9ba6,0.0,0.0,0.0,0.0,0.0,2907064.793491434,3457093.1305958903
6edbbf1fb5915e4db60f711642dac77f,0.0,0.0,0.0,0.0,0.0,0.0,0.0
5ccc911d7d279fab58ac56cd5d839681,0.0,0.0,0.0,0.0,0.0,0.0,0.0
2c8effe920d5112f6ecc60b68a4d183c,0.0,2764468.829894389,881769.8081780821,1748469.808178082,0.0,2334115.7344368696,1476469.808178082
c1a35ab8b283964332bc167ed046a852,0.0,0.0,0.0,0.0,0.0,0.0,0.0
2ddd5652ef2c04e3227d8ec2811bbef9,0.0,0.0,0.0,0.0,0.0,0.0,0.0
65eacc695c60e4415d766d3e8f007e33,0.0,0.0,0.0,0.0,0.0,0.0,1971931.7450841868
7aaa89f5f69b3142dc1b749b93dff244,0.0,0.0,0.0,0.0,0.0,0.0,0.0
045249695cdc8fe8e10459fc5bdf8140,0.0,0.0,0.0,0.0,0.0,0.0,0.0
5ad02b535ff77e3801a64ecdb533456e,4292758.479452055,0.0,1512162.6099964872,799154.8728013699,0.0,2443536.2812293638,0.0
9dfd04c27208833b7782d248e6eed782,0.0,0.0,0.0,0.0,0.0,0.0,0.0
6baf42f2185936c0149780bcf1f69245,0.0,0.0,0.0,2504547.192381692,3384228.898650685,768728.8986506849,0.0
396326dbe36f99c4ef3a22a3dc19846c,0.0,0.0,1898644.8365326175,0.0,3247541.6435715854,1743556.8735,1066356.8735
9e0651fd8db2a6e84728c66c016b7966,0.0,0.0,0.0,0.0,0.0,0.0,0.0
8ae6cb29a63f7583a2d08f63f107e966,3104245.471917808,1116661.8752465753,0.0,2659027.809016181,3173361.875246575,1727961.8752465753,1131161.8752465753
9030ee1d626d188265b136d0ca0a9a31,0.0,0.0,2450085.9774671635,3340246.870006849,3173946.870006849,987646.8700068493,2539746.870006849
4d555dcc91dcebee8f9bbfd498d1838d,0.0,0.0,0.0,949663.1620871727,0.0,4422724.131385505,730040.1120821917
c1877abbdbe893bba18760588864dcac,0.0,0.0,0.0,0.0,4476365.096869881,3819381.8822328765,2240881.8822328765
71f8e59ff2f07ca0a2131edc0656beab,0.0,0.0,0.0,0.0,0.0,1498139.6677141848,0.0
ce1f7e94e98a2d574b363b8178023df9,0.0,0.0,0.0,0.0,2878669.7292997222,1747806.8560342465,3529306.8560342467
c26779b9fc624acbc0a357e248326d00,0.0,0.0,0.0,0.0,0.0,0.0,0.0
c61847be13f6bcd719974ae54e98d332,0.0,0.0,0.0,0.0,0.0,0.0,0.0
00358bf312b4629058d61472016232d5,1279913.3089041095,0.0,0.0,3382655.398322105,0.0,1759153.9507801137,0.0
330de6a864fdc7b3c3c1f39421e5d112,0.0,0.0,0.0,0.0,0.0,0.0,0.0
83da49cdecd21aca4c889e90ad0ae69b,0.0,0.0,8024976.804075792,0.0,2876760.8990388354,10296356.908431508,9594356.908431508
683b8250ad8eea9fb24641a77155cb23,0.0,5644215.501006253,0.0,0.0,3857327.2844259683,5816792.921006849,0.0
94a5513349eb8a684671d1d47e5b4f33,4928805.928767123,4510682.917513698,9182782.917513698,7114282.917513698,6946882.917513698,7090082.917513698,7927282.917513698
83e31d6bae0d45325b96042cf86d95b5,8150415.578082192,0.0,3305306.5080236727,0.0,10966020.060763398,4806268.912623288,5859668.912623288
72b59e64e130d942f0ed1bffcbb8e450,0.0,0.0,0.0,0.0,0.0,0.0,0.0
07106dff8f8045afadbe0e9bfebb93a7,0.0,0.0,0.0,0.0,0.0,0.0,0.0
6ae5bebfa2cf764a276aeb3736354c09,0.0,0.0,0.0,0.0,0.0,0.0,0.0
eb313c75abcbeeed164a7f286af495c7,3182963.1630136985,2833247.9052876714,2042947.9052876714,0.0,2985902.031512536,1274147.9052876714,3247447.9052876714
a2955565faa2e12915f94bca977e4d5c,0.0,0.0,0.0,0.0,0.0,0.0,0.0
39a1ee8f8a2697cdb445ecd3532f3e3c,7175687.25,0.0,0.0,0.0,0.0,0.0,0.0
4359d8f722d07f933b367e462e12081a,0.0,0.0,0.0,0.0,0.0,1461940.882152396,1640162.15469863
1457e9e4c16d6d6e38319824769c072d,2842139.3917808216,959543.8689589042,0.0,0.0,3031808.133549606,0.0,0.0
7557c47710f64e9f75d8fbaa187cdf0d,0.0,0.0,0.0,0.0,0.0,0.0,0.0
e82570e91d79fd64e7bc2d8382bff354,0.0,0.0,0.0,7074262.997570183,2962478.195219178,3818678.195219178,828878.1952191781
f51698556ee0417389b25cd72d46052c,3740778.5041095894,0.0,1432251.7614605324,1897468.8776917807,932368.8776917808,581568.8776917808,1755768.8776917807
39da6e5317b4487f7cca5e40d7100f92,0.0,0.0,0.0,0.0,0.0,0.0,0.0
c61bcdbd38f59bab01f1362486a92259,0.0,0.0,0.0,0.0,0.0,0.0,0.0
663aaa61bab67ccd0436f25fba42c7f1,0.0,0.0,0.0,0.0,0.0,0.0,0.0
a52ab22bbc8e365ef82b06c5999a88cd,0.0,0.0,0.0,0.0,2410947.412368172,547315.894109589,2849015.894109589
83bdc7f76036c2984c98dda2a929f376,0.0,0.0,0.0,0.0,0.0,0.0,1974224.8825273647
46d3165f9ab4aad66d2104c7f7286194,0.0,0.0,0.0,0.0,0.0,0.0,1692287.280676823
96d0408d3c37ac68aa480fca59807f23,0.0,2074606.9965205854,0.0,0.0,1492400.7418797677,0.0,0.0
53d48ed4ff5b9197e8f16149f5e33951,0.0,0.0,0.0,0.0,0.0,0.0,0.0
3cdbfa717f312e2b6c408c18fd3f2871,0.0,0.0,0.0,0.0,0.0,0.0,0.0
99fbb7e1a12581db738db3f8f7a4e8ab,0.0,0.0,0.0,0.0,0.0,0.0,0.0
dbdd3afe314353a2c7426d2653871281,0.0,0.0,0.0,0.0,0.0,0.0,0.0
307f501ec5695ad33cd0e318d4005ce6,0.0,0.0,0.0,0.0,4406683.24038292,0.0,2156226.936144976
5e63e161fe83cc1dd8a9792d9936f452,0.0,0.0,0.0,0.0,0.0,812800.7148174869,4008508.856732877
9006e85e45dc1c747342ef0336b30ab5,0.0,0.0,0.0,0.0,0.0,0.0,0.0
8b9e7b6f6b26f1bd2af558b647bcd30e,3119322.6863013697,2538004.8902671235,525604.8902671232,2857504.8902671235,2161504.8902671235,2592804.8902671235,2634304.8902671235
0bdf4b9f800e5f0b7b6b1f4ff88fe234,0.0,0.0,0.0,0.0,0.0,0.0,0.0
0c6a55e902f0761ade112233ace06b07,4857414.526712329,0.0,0.0,0.0,0.0,0.0,0.0
7e8469faecf4fd27e3c1a74fa462538d,0.0,0.0,0.0,0.0,0.0,0.0,0.0
ceda736ffe2ff4311af1f1f1092383e7,0.0,0.0,0.0,0.0,0.0,0.0,0.0
b3268dad149a318e1a3a35d3bf8a2310,0.0,0.0,0.0,2160015.5984913004,0.0,0.0,0.0
5a5c67ef53eb0861b49eb64e7a738e7f,0.0,0.0,0.0,0.0,0.0,0.0,0.0
a0aa19f833f16d2e033f68a0f115b63c,0.0,0.0,0.0,0.0,0.0,0.0,0.0
be3fc02a557c1622c34cc9f77c193686,0.0,0.0,0.0,0.0,0.0,0.0,4357575.2443446405
608cd8bc4da8b26facb317955835beac,0.0,0.0,0.0,0.0,0.0,0.0,0.0
35f3f924b9a6bb9e42c9abc89aeff019,1755736.4116438357,2670617.9646712327,1863117.9646712327,0.0,0.0,0.0,0.0
d0c8ee8a3fad7c5456756a8883320300,0.0,0.0,0.0,0.0,0.0,0.0,0.0
39eed72f48192d4f386256c5c3824dcc,0.0,0.0,0.0,0.0,0.0,0.0,0.0
961447c53e6073b7fd42ab30b3d1c6f7,0.0,0.0,0.0,0.0,0.0,0.0,0.0
1aeebab4f19af66579b6e7adbde4b04f,0.0,0.0,0.0,0.0,0.0,0.0,0.0
b3aa25e7bae39ca1c6d3fb73e3df3699,0.0,0.0,0.0,0.0,0.0,0.0,0.0
4874c10f547b1746e490c3adde8216a0,0.0,0.0,0.0,3072314.4786046757,2137628.8637191784,1056928.8637191781,2409628.863719178
a59e19cd718074969936f338713a93a3,6078070.513013698,0.0,0.0,0.0,0.0,3735919.376118746,3281548.9056369863
1e7dde87a0593780f1de5ebe76320db6,0.0,0.0,0.0,3546760.7602680996,7028883.882931507,6085683.882931507,4916383.882931506
ae41f8d1ec411e43591b77643ee83d0c,0.0,0.0,0.0,0.0,0.0,0.0,0.0
27e37f2121ea66a9251bf3be06cd735b,0.0,0.0,0.0,0.0,0.0,0.0,0.0
9eeaad0496ae6ee17ed2d1e76c99bfea,0.0,0.0,0.0,0.0,0.0,0.0,0.0
db484a2e308557d4bf34b59f3cdd6490,4505197.106849315,1012870.9133219179,697670.9133219179,0.0,2607893.7326946612,0.0,2379825.3368042503
c64ef060ce8ee31154488f92a54671c6,1636746.7753424658,0.0,0.0,0.0,0.0,1769057.4858724084,1126042.868609589
5de783e715bd0fc777ff96a7d3579538,0.0,0.0,0.0,0.0,0.0,0.0,1556744.8635100927
6718e9aeab863e5968afb6ad1117c6ce,0.0,0.0,0.0,0.0,0.0,0.0,0.0
11aeac44f5bbd31c87ddad1c6c5f0cd9,0.0,3046379.6281572855,1010854.8728013699,3786154.87280137,875054.8728013699,1855854.87280137,0.0
22bbd95a75d9a0dfb2ddce7ce1b51c39,5849059.232191781,2729421.8962054793,781921.8962054795,2490921.8962054793,4044121.8962054793,0.0,3752541.9470910514
1432f13f42590441a573ce5607ecd68d,0.0,0.0,0.0,0.0,5114318.1008077655,1337198.853239726,1251898.853239726
b08839ff247f7a74fa0bd76236b18621,2138433.120547945,997282.8825821918,1349182.8825821918,0.0,0.0,0.0,0.0
010fc18f5587918a6d839288ef99b1bb,4767849.4479452055,787987.9192602739,755187.9192602739,2850487.9192602737,4814787.919260275,4110587.919260274,4364487.919260275
601eab8fdfb7830c8047e2356e5a29df,0.0,0.0,0.0,0.0,0.0,0.0,0.0
7b77dbd20888b773037eff55b852c941,0.0,0.0,0.0,0.0,0.0,0.0,0.0
edca46651c5eb9bbbcc67514c93b8686,0.0,0.0,0.0,0.0,0.0,0.0,0.0
cd62430db68498b7775344bb5fb352e0,0.0,0.0,0.0,0.0,0.0,0.0,6266956.186280416
b34097f79c510d5d2b78e26e736d41e8,0.0,0.0,0.0,0.0,0.0,0.0,0.0
63443fe356af10834d9c9f1b1d813655,3718102.4,0.0,0.0,0.0,0.0,0.0,0.0
47c518d64a922ee0684142351a32fa41,0.0,0.0,0.0,0.0,0.0,0.0,0.0
d1a8df3a0ee7e4268ef7ddf156f822f6,0.0,0.0,0.0,0.0,0.0,0.0,0.0
dbcd6fbf2133ab8185dd0b0ae6cd27e2,0.0,0.0,0.0,0.0,3082281.177355578,1037495.8871232877,3556795.8871232877
f938d47b090f9a9c676df943933eb680,0.0,0.0,0.0,0.0,0.0,0.0,0.0
f48f556c16003e0110c3bcd7bf64d627,0.0,0.0,10408455.905250102,5773399.958383562,14102599.958383562,7510899.958383562,0.0
b3d4bfc750cab2fe552b6511072b4f5f,0.0,0.0,0.0,0.0,0.0,0.0,0.0
546649b11ab3169b953ff5ac7f343844,0.0,0.0,0.0,9100232.6834412,10388145.939520547,1775745.9395205479,3563145.939520548
92df6e6e5a3f50c0cfff06904f369120,0.0,0.0,0.0,0.0,0.0,0.0,0.0
b66c23fcea1fef436a1f6b2a5df8508b,0.0,0.0,0.0,0.0,0.0,0.0,0.0
ce03c7ebac94e07be6e707147e498444,0.0,0.0,0.0,0.0,0.0,0.0,0.0
bdc5c7a1b94dc5350d45b26268a3f164,0.0,0.0,0.0,0.0,0.0,0.0,6014744.522857331
f9d8250b6f3c5b47289ba8e416290f04,334753.0,0.0,0.0,0.0,0.0,0.0,0.0
a79dcdae0c39312d7273daa6ddacfe57,0.0,0.0,0.0,0.0,0.0,0.0,0.0
ec1f63ed30b36a51a48b99d4bfac5ea8,0.0,0.0,0.0,0.0,0.0,0.0,0.0
324857cfb57e80e991eee4622badd25e,0.0,0.0,0.0,0.0,0.0,0.0,0.0
1d9e192f27575f6cbe33e1e56e983e24,0.0,0.0,0.0,0.0,0.0,0.0,0.0
7dbfc01d00af55cb480cb9651772d6f1,0.0,0.0,0.0,0.0,0.0,1210593.7979038162,0.0
05bbcb9d82eb5ba286e8dfa245252a49,0.0,0.0,0.0,0.0,0.0,0.0,0.0
c42fa2071190f46bb2afcab536e76171,0.0,0.0,0.0,0.0,0.0,0.0,0.0
1a6fe6f65bdbc1a1c9945d38a3661825,0.0,0.0,0.0,0.0,0.0,0.0,0.0
5d26c8835264ffb61fd63f1f901c8095,0.0,0.0,0.0,0.0,0.0,0.0,0.0
dbbf635e4bc61e9802a4c9fec48cf029,0.0,0.0,0.0,0.0,0.0,0.0,0.0
7282c234a05409fd28ad4e92234ed1b3,0.0,0.0,0.0,0.0,0.0,0.0,0.0
cec9ed191e5c261f3fd3fc716f17ec5c,0.0,0.0,0.0,0.0,0.0,0.0,0.0
82a4cd01116141b28157ca7b96721545,0.0,0.0,0.0,0.0,0.0,0.0,0.0
7b9bb6fd7dc7e9e58c3682d4a23cae02,0.0,0.0,0.0,0.0,0.0,0.0,0.0
f16819c5b668440f19c62ac49dd50374,0.0,0.0,0.0,0.0,0.0,0.0,2364917.586140158
0bdb5a256b28b39d0cb42e71b2b2c770,0.0,0.0,0.0,0.0,0.0,0.0,0.0
e587162a58bb8f212898ac9df190a728,0.0,0.0,0.0,0.0,0.0,0.0,0.0
0b8cae6960fe77af37351cd485683412,0.0,0.0,0.0,2983429.4282229943,1380494.3056027398,3536294.3056027396,922394.3056027398
31817210b8a5fb8055d8529690593b58,0.0,0.0,0.0,0.0,0.0,0.0,699003.4035349283
6625bdc589cd03d88b9258cd013f3e75,0.0,0.0,0.0,0.0,0.0,0.0,0.0
2b9335c6f7ce830f052c1e1297449b70,0.0,0.0,0.0,0.0,0.0,0.0,0.0
e96d50385c746aae631a583fd61ef95b,0.0,0.0,0.0,0.0,0.0,1153508.833674204,1160388.4432328767
3e2042ce5bacf8125d851f1bc8fd58f4,0.0,0.0,0.0,0.0,0.0,0.0,0.0
aae47ede527a5e7b229d7068ff7b5cac,0.0,0.0,0.0,0.0,0.0,0.0,0.0
986829858d6c565af35a77ddc398580a,0.0,0.0,0.0,0.0,0.0,0.0,3873554.572421911
ba23260584486b89935f4493eda8c388,0.0,0.0,0.0,0.0,0.0,0.0,0.0
a977349dc4df5264a0ce69d0325931d4,0.0,0.0,0.0,0.0,0.0,0.0,0.0
f1a132a2894d4bc0477218d43cb7ef75,0.0,0.0,0.0,0.0,0.0,0.0,0.0
dc3a2cc9fb4a522cea32d38171ba443a,0.0,0.0,0.0,1719056.3205221302,1669524.2462191782,1700524.2462191782,2336924.246219178
5744d168403302e7c8628bb2a4981fa3,0.0,0.0,0.0,0.0,0.0,0.0,0.0
557654aa3c2ef7716ac1a8fd9c9dbf9f,0.0,0.0,0.0,0.0,0.0,0.0,0.0
7f639c84dd9815d99819e3973e489b44,0.0,0.0,0.0,0.0,0.0,0.0,0.0
f32186292f750b523e483ead55bb6c35,0.0,1838896.1900956605,1487215.0684178083,0.0,733466.8452706211,0.0,1994633.1103391142
37173a1fb879ec65f7a8c24159a3e3b1,0.0,0.0,0.0,0.0,0.0,0.0,0.0
ef264d096eef12930622ec33d0007fe7,0.0,0.0,0.0,0.0,0.0,0.0,0.0
e02152b99ce17edcd53c92b321d326d8,0.0,0.0,0.0,0.0,0.0,0.0,0.0
15be6bbe71171b9454e9cd2840285391,0.0,0.0,0.0,0.0,0.0,0.0,2613687.197501256
18ab8b281d80b85cf392c20c0e38149c,0.0,0.0,0.0,0.0,0.0,0.0,0.0
1c3ac064a802ab0f52d8049dc9e17268,0.0,0.0,0.0,0.0,0.0,0.0,0.0
d9e0522a6203536eb7774b458c518654,0.0,0.0,0.0,0.0,0.0,0.0,0.0
28e9335c3552b929dfa47390646c71ac,0.0,0.0,0.0,0.0,0.0,0.0,0.0
eefc160716cc7753cd52fc2a4d6a5259,0.0,0.0,0.0,0.0,0.0,0.0,0.0
76c9321c29ec975f500d036c04a9695a,0.0,0.0,0.0,0.0,0.0,0.0,0.0
351b12ccc629727e8887534267bd670d,0.0,0.0,0.0,0.0,0.0,0.0,0.0
7af5cb574c5a8a53083a852e3f7fa857,0.0,0.0,0.0,0.0,0.0,0.0,0.0
892f0b497acd4488032cbee1a28bfabe,0.0,0.0,0.0,0.0,0.0,0.0,0.0
af093953af240d0da8db2eff93de9af6,0.0,0.0,0.0,0.0,0.0,0.0,0.0
dec4895ee6ae6946447849040f92d92d,0.0,0.0,0.0,0.0,0.0,0.0,0.0
c5c05966a629a72054ca87e6ea328200,7216613.11369863,0.0,2996435.8157528494,0.0,0.0,0.0,0.0
0af12142700bfdb4ccbf7ccf55189f59,1858923.994520548,2249327.6537808217,2204227.6537808217,0.0,1441786.2074908027,0.0,0.0
255e7988d8a9f955ef4b894c78e75d46,2119187.2452054797,0.0,2012160.201167469,0.0,0.0,3155503.61252977,610707.7166575342
33de5d92c7de6aaca18e97646f6bac31,3690332.7952054795,0.0,1401847.9854653575,768811.6481917808,1296111.6481917808,0.0,0.0
bf31a2920674ff588ef74c478205314e,0.0,0.0,0.0,0.0,0.0,0.0,0.0
397f7fe04770f20829abe4bfd7366b52,0.0,0.0,0.0,0.0,0.0,3112360.9204980694,0.0
5e24fa5286f2cb9fc1fbffc0fabd9ad5,0.0,0.0,0.0,0.0,0.0,0.0,0.0
687bc3d82d9fddeb254be655772dde29,0.0,0.0,0.0,0.0,0.0,2185873.3587258793,3414230.689760274
cb2e4b710ce721408778bb2b0e16af3a,6899950.202054795,0.0,0.0,0.0,4447496.369844515,0.0,0.0
0fd9300c6a1ba6e62676741d9a723684,0.0,0.0,0.0,0.0,0.0,0.0,0.0
3c4b49cadc49a7c48c7bfbf66842a4f8,0.0,0.0,0.0,0.0,0.0,0.0,0.0
3c0ee319b7e65ab14641d2aea793a63d,0.0,0.0,0.0,1425538.904461124,0.0,0.0,0.0
3bf1e0090de25b11c4b46a7862b76405,0.0,0.0,0.0,0.0,4494547.449457094,3490431.725041096,4195931.725041096
d557c2b2df7047bedc2e1a5999e12db5,0.0,0.0,0.0,0.0,0.0,0.0,0.0
ab4f32f36c82f3d67f4d8b1779aced40,0.0,0.0,0.0,0.0,0.0,0.0,0.0
cc328a44522bda0c6d9c7752422238d5,0.0,0.0,0.0,0.0,0.0,0.0,0.0
cf69c8f938e5f894daf3b5cc5615ca04,0.0,0.0,0.0,0.0,0.0,0.0,0.0
bf2ec4ad8704657bde774ef71724f611,0.0,0.0,0.0,0.0,0.0,0.0,0.0
2b093a46571a5d9ae860e7da75727c46,0.0,0.0,0.0,0.0,0.0,0.0,0.0
deca3ba6278e72fa3023ae0b12838807,3239261.7342465753,2015987.7446027398,0.0,3236041.0332125016,3187487.74460274,1424087.7446027398,1760787.7446027398
30362ecab7ebe898aa1ab15282f34ad4,0.0,0.0,0.0,0.0,0.0,0.0,0.0
f3cfbbc996450eeef505c2f6199db70c,0.0,0.0,1717414.2920040584,681267.7026849315,1607967.7026849315,0.0,0.0
f780b957553b186cd6c2a1f30ee6d0c6,0.0,0.0,0.0,0.0,0.0,0.0,0.0
bdbd01233ffe56996d8208c5a7299ffc,0.0,0.0,0.0,0.0,0.0,0.0,0.0
fd5009b3e1c5870755b873413c726a38,0.0,0.0,0.0,985690.9453221337,2050473.6349178082,1272973.6349178082,0.0
ad9a396c52a6a52bdf6479ffc3112fa9,0.0,0.0,0.0,0.0,0.0,0.0,0.0
41bd0e1daee0909e2f87fc20d9fa6b8b,0.0,0.0,0.0,0.0,0.0,0.0,0.0
c8dc9ef142f9dcc6e94aebff5cbf2d6c,0.0,0.0,0.0,0.0,0.0,0.0,0.0
6e5ffe8665f938295c2e658e26324ccf,0.0,2191847.649516115,0.0,3531531.7498961715,3408078.846253425,1419078.8462534247,1801278.8462534247
6cf214f909fcad1d6171534218ba69d9,0.0,0.0,0.0,0.0,0.0,0.0,0.0
c1fc2b69242656dab926542a8dd21128,0.0,0.0,0.0,0.0,0.0,0.0,0.0
42ac417ce34dbec524dc05fcd53d7fdd,0.0,0.0,0.0,0.0,0.0,0.0,0.0
fc811f52537fc7bc274c2f8d7dce2fd6,0.0,0.0,0.0,0.0,0.0,0.0,0.0
8f085a299c150344c9a33a1ff809857a,0.0,0.0,0.0,0.0,0.0,1604825.2869029397,2479353.872452055
